,Commodity,CommodityType,YearType,Year,Beginning stocks,Domestic,Ending stocks,Exports,Farm price,Feed & residual,"Food, seed, & industrial",Harvested acres,Imports,Loan rate,Planted acres,Production,Returns over variable costs (net returns),"Stocks/use ratio, percent",Supply total,Total use/disposition,Variable cost of production (per acre),Variable cost of production (per bushel),Yield/harvested acre,"Beef cattle, farm",Beef cow inventory,"Calves, farm",Cattle inventory,Commercial production,"Feeder steers, Okla. City","Production, farm","Steers, 5-area, all grades",Total cow inventory,Total disappearance,Total production,"Broilers, farm",Disappearance,Federally inspected slaughter,National composite price,Ethanol for fuel,Commercial use: Milkfat basis,Commercial use: Skim solids,Milk per cow,Milk production,Number of cows,Prices: All milk,"Eggs, farm",Hatching use,"New York, Grade A large",Per capita,Retail weight: Broilers,Retail weight: Lamb & mutton,Retail weight: Other chicken,Retail weight: Red meat & poultry,Retail weight: Total beef,Retail weight: Total pork,Retail weight: Total poultry,Retail weight: Total red meat,Retail weight: Total veal,Retail weight: Turkeys,"Hog, inventory Dec.1, previous year","Hogs, farm","National base, live eqv","Milling rate, percent",Variable cost of production (per cwt.),Crushing yields,Prices,Total demand,"Soybean oil, for methyl ester",Crush,Crush margin,Seed & residual,"Hen turkeys, National","Turkey, farm",Variable cost of production (per pound),Food,Seed
0,Barley,Crops,Market year,2017/18,106.0,158.0,94.0,5.0,4.47,1.0,157.0,2.0,9.0,1.95,2.5,142.0,153.0,57.7,257.0,163.0,172.0,2.42,72.6,,,,,,,,,,,,,,,,,,,,,,,,,,,,,,,,,,,,,,,,,,,,,,,,,,,,,
1,Barley,Crops,Market year,2018/19,94.0,170.0,88.0,5.0,4.65,15.0,155.0,2.0,15.0,1.95,2.5,153.0,185.0,50.3,263.0,175.0,175.0,2.29,77.4,,,,,,,,,,,,,,,,,,,,,,,,,,,,,,,,,,,,,,,,,,,,,,,,,,,,,
2,Barley,Crops,Market year,2019/20,88.0,175.0,87.0,5.0,4.75,20.0,155.0,2.2,15.0,1.95,2.6,164.0,196.0,48.4,267.0,180.0,178.0,2.39,74.6,,,,,,,,,,,,,,,,,,,,,,,,,,,,,,,,,,,,,,,,,,,,,,,,,,,,,
3,Barley,Crops,Market year,2020/21,87.0,180.0,83.0,5.0,4.75,25.0,155.0,2.2,15.0,1.95,2.6,166.0,198.0,44.9,268.0,185.0,180.0,2.39,75.3,,,,,,,,,,,,,,,,,,,,,,,,,,,,,,,,,,,,,,,,,,,,,,,,,,,,,
4,Barley,Crops,Market year,2021/22,83.0,185.0,83.0,5.0,4.8,30.0,155.0,2.3,15.0,1.95,2.7,175.0,204.0,43.7,273.0,190.0,182.0,2.39,76.1,,,,,,,,,,,,,,,,,,,,,,,,,,,,,,,,,,,,,,,,,,,,,,,,,,,,,
5,Barley,Crops,Market year,2022/23,83.0,185.0,85.0,5.0,4.9,30.0,155.0,2.3,15.0,1.95,2.8,177.0,215.0,44.8,275.0,190.0,185.0,2.4,76.8,,,,,,,,,,,,,,,,,,,,,,,,,,,,,,,,,,,,,,,,,,,,,,,,,,,,,
6,Barley,Crops,Market year,2023/24,85.0,190.0,91.0,5.0,4.75,35.0,155.0,2.4,15.0,1.95,2.9,186.0,207.0,46.7,286.0,195.0,188.0,2.43,77.5,,,,,,,,,,,,,,,,,,,,,,,,,,,,,,,,,,,,,,,,,,,,,,,,,,,,,
7,Barley,Crops,Market year,2024/25,91.0,195.0,94.0,5.0,4.65,40.0,155.0,2.4,15.0,1.95,2.9,188.0,199.0,47.1,294.0,200.0,191.0,2.44,78.2,,,,,,,,,,,,,,,,,,,,,,,,,,,,,,,,,,,,,,,,,,,,,,,,,,,,,
8,Barley,Crops,Market year,2025/26,94.0,200.0,93.0,5.0,4.65,45.0,155.0,2.4,15.0,1.95,2.9,189.0,200.0,45.4,298.0,205.0,193.0,2.45,78.9,,,,,,,,,,,,,,,,,,,,,,,,,,,,,,,,,,,,,,,,,,,,,,,,,,,,,
9,Barley,Crops,Market year,2026/27,93.0,200.0,94.0,5.0,4.55,45.0,155.0,2.4,15.0,1.95,2.9,191.0,196.0,45.9,299.0,205.0,195.0,2.45,79.6,,,,,,,,,,,,,,,,,,,,,,,,,,,,,,,,,,,,,,,,,,,,,,,,,,,,,
10,Barley,Crops,Market year,2027/28,94.0,200.0,97.0,5.0,4.55,45.0,155.0,2.4,15.0,1.95,2.9,193.0,197.0,47.4,302.0,205.0,198.0,2.46,80.3,,,,,,,,,,,,,,,,,,,,,,,,,,,,,,,,,,,,,,,,,,,,,,,,,,,,,
11,Barley,Crops,Market year,2028/29,97.0,205.0,96.0,5.0,4.55,50.0,155.0,2.4,15.0,1.95,2.9,194.0,198.0,45.8,306.0,210.0,200.0,2.47,81.0,,,,,,,,,,,,,,,,,,,,,,,,,,,,,,,,,,,,,,,,,,,,,,,,,,,,,
12,Beef,Livestock/Dairy,Calendar year,2017/18,757.0,,649.0,2860.0,,,,,2993.0,,,,,,30000.0,,,,,120.17,31210.0,165.17,93705.0,26187.0,145.08,63.0,121.52,40559.0,26491.0,26250.0,,,,,,,,,,,,,,,,,,,,,,,,,,,,,,,,,,,,,,,,,,
13,Beef,Livestock/Dairy,Calendar year,2018/19,649.0,,685.0,3164.0,,,,,3027.0,,,,,,30683.0,,,,,115.32,31723.0,170.36,94399.0,26944.0,148.2,63.0,116.29,41123.0,26834.0,27007.0,,,,,,,,,,,,,,,,,,,,,,,,,,,,,,,,,,,,,,,,,,
14,Beef,Livestock/Dairy,Calendar year,2019/20,685.0,,690.0,3245.0,,,,,3100.0,,,,,,31758.0,,,,,116.8,31890.0,168.43,95000.0,27910.0,146.5,63.0,117.75,41300.0,27823.0,27973.0,,,,,,,,,,,,,,,,,,,,,,,,,,,,,,,,,,,,,,,,,,
15,Beef,Livestock/Dairy,Calendar year,2020/21,690.0,,625.0,3283.0,,,,,3113.0,,,,,,32390.0,,,,,113.19,31980.0,163.88,95200.0,28523.52125,142.54,63.0,114.11,41396.0,28482.0,28587.0,,,,,,,,,,,,,,,,,,,,,,,,,,,,,,,,,,,,,,,,,,
16,Beef,Livestock/Dairy,Calendar year,2021/22,625.0,,625.0,3342.0,,,,,3169.0,,,,,,32405.0,,,,,110.09,32001.0,154.19,94801.0,28548.24896,134.11,63.0,110.98,41424.0,28438.0,28611.0,,,,,,,,,,,,,,,,,,,,,,,,,,,,,,,,,,,,,,,,,,
17,Beef,Livestock/Dairy,Calendar year,2022/23,625.0,,625.0,3322.0,,,,,3150.0,,,,,,32413.0,,,,,108.55,31892.0,147.34,94040.0,28574.90076,128.15,63.0,109.43,41322.0,28466.0,28638.0,,,,,,,,,,,,,,,,,,,,,,,,,,,,,,,,,,,,,,,,,,
18,Beef,Livestock/Dairy,Calendar year,2023/24,625.0,,625.0,3329.0,,,,,3157.0,,,,,,32645.0,,,,,106.99,31718.0,143.02,93690.0,28800.16922,124.39,63.0,107.86,41153.0,28691.0,28863.0,,,,,,,,,,,,,,,,,,,,,,,,,,,,,,,,,,,,,,,,,,
19,Beef,Livestock/Dairy,Calendar year,2024/25,625.0,,625.0,3323.0,,,,,3151.0,,,,,,32872.0,,,,,104.56,31534.0,139.84,93326.0,29033.19029,121.62,63.0,105.41,40971.0,28924.0,29096.0,,,,,,,,,,,,,,,,,,,,,,,,,,,,,,,,,,,,,,,,,,
20,Beef,Livestock/Dairy,Calendar year,2025/26,625.0,,625.0,3354.0,,,,,3181.0,,,,,,33077.0,,,,,101.78,31434.0,139.45,93028.0,29208.43881,121.28,63.0,102.61,40880.0,29098.0,29271.0,,,,,,,,,,,,,,,,,,,,,,,,,,,,,,,,,,,,,,,,,,
21,Beef,Livestock/Dairy,Calendar year,2026/27,625.0,,625.0,3364.0,,,,,3190.0,,,,,,33270.0,,,,,100.24,31538.0,138.15,92963.0,29391.89974,120.15,63.0,101.06,40992.0,29281.0,29455.0,,,,,,,,,,,,,,,,,,,,,,,,,,,,,,,,,,,,,,,,,,
22,Beef,Livestock/Dairy,Calendar year,2027/28,625.0,,625.0,3385.0,,,,,3210.0,,,,,,33418.0,,,,,99.4,31817.0,139.33,93266.0,29519.66811,121.18,63.0,100.21,41276.0,29408.0,29583.0,,,,,,,,,,,,,,,,,,,,,,,,,,,,,,,,,,,,,,,,,,
23,Beef,Livestock/Dairy,Calendar year,2028/29,625.0,,625.0,3410.0,,,,,3220.0,,,,,,33546.0,,,,,98.45,31917.0,139.3,91018.0,29638.31089,121.15,63.0,99.25,41382.0,29511.0,29701.0,,,,,,,,,,,,,,,,,,,,,,,,,,,,,,,,,,,,,,,,,,
24,Chicken,Livestock/Dairy,Calendar year,2017/18,778.0,,856.0,6791.0,,,,,,,,41217.0,,,42121.0,,,,,,,,,,,,,,,,54.6,34474.0,41662.0,93.5,,,,,,,,,,,,,,,,,,,,,,,,,,,,,,,,,,,,,,
25,Chicken,Livestock/Dairy,Calendar year,2018/19,856.0,,885.0,6869.0,,,,,,,,42115.0,,,43106.0,,,,,,,,,,,,,,,,57.0,35352.0,42570.0,97.1,,,,,,,,,,,,,,,,,,,,,,,,,,,,,,,,,,,,,,
26,Chicken,Livestock/Dairy,Calendar year,2019/20,885.0,,870.0,7045.0,,,,,,,,42906.0,,,43928.0,,,,,,,,,,,,,,,,60.74,36013.0,43370.0,95.8,,,,,,,,,,,,,,,,,,,,,,,,,,,,,,,,,,,,,,
27,Chicken,Livestock/Dairy,Calendar year,2020/21,870.0,,870.0,7150.0,,,,,,,,43412.0,,,44421.0,,,,,,,,,,,,,,,,55.5,36401.0,43882.0,92.5,,,,,,,,,,,,,,,,,,,,,,,,,,,,,,,,,,,,,,
28,Chicken,Livestock/Dairy,Calendar year,2021/22,870.0,,870.0,7250.0,,,,,,,,43944.0,,,44955.0,,,,,,,,,,,,,,,,54.2,36835.0,44420.0,90.27,,,,,,,,,,,,,,,,,,,,,,,,,,,,,,,,,,,,,,
29,Chicken,Livestock/Dairy,Calendar year,2022/23,870.0,,870.0,7350.0,,,,,,,,44360.0,,,45373.0,,,,,,,,,,,,,,,,54.4,37153.0,44840.0,90.6,,,,,,,,,,,,,,,,,,,,,,,,,,,,,,,,,,,,,,
30,Chicken,Livestock/Dairy,Calendar year,2023/24,870.0,,870.0,7450.0,,,,,,,,44760.0,,,45775.0,,,,,,,,,,,,,,,,54.0,37455.0,45244.0,89.98,,,,,,,,,,,,,,,,,,,,,,,,,,,,,,,,,,,,,,
31,Chicken,Livestock/Dairy,Calendar year,2024/25,870.0,,870.0,7550.0,,,,,,,,45254.0,,,46271.0,,,,,,,,,,,,,,,,53.4,37851.0,45744.0,89.06,,,,,,,,,,,,,,,,,,,,,,,,,,,,,,,,,,,,,,
32,Chicken,Livestock/Dairy,Calendar year,2025/26,870.0,,870.0,7600.0,,,,,,,,45663.0,,,46682.0,,,,,,,,,,,,,,,,53.0,38212.0,46157.0,88.36,,,,,,,,,,,,,,,,,,,,,,,,,,,,,,,,,,,,,,
33,Chicken,Livestock/Dairy,Calendar year,2026/27,870.0,,870.0,7625.0,,,,,,,,45986.0,,,47007.0,,,,,,,,,,,,,,,,52.9,38512.0,46484.0,88.21,,,,,,,,,,,,,,,,,,,,,,,,,,,,,,,,,,,,,,
34,Chicken,Livestock/Dairy,Calendar year,2027/28,870.0,,870.0,7650.0,,,,,,,,46180.0,,,47203.0,,,,,,,,,,,,,,,,53.2,38683.0,46680.0,88.65,,,,,,,,,,,,,,,,,,,,,,,,,,,,,,,,,,,,,,
35,Chicken,Livestock/Dairy,Calendar year,2028/29,870.0,,870.0,7675.0,,,,,,,,46369.0,,,47394.0,,,,,,,,,,,,,,,,53.4,38849.0,46870.0,89.06,,,,,,,,,,,,,,,,,,,,,,,,,,,,,,,,,,,,,,
36,Corn,Crops,Market year,2017/18,2293.0,12355.0,2140.0,2438.0,3.36,5302.0,7054.0,82.7,36.0,1.95,90.2,14604.0,256.0,14.5,16934.0,14793.0,337.0,1.91,176.6,,,,,,,,,,,,,,,,5600.0,,,,,,,,,,,,,,,,,,,,,,,,,,,,,,,,,,,,,
37,Corn,Crops,Market year,2018/19,2140.0,12680.0,1813.0,2475.0,3.5,5550.0,7130.0,81.8,50.0,1.95,89.1,14778.0,291.0,12.0,16968.0,15155.0,341.0,1.89,180.7,,,,,,,,,,,,,,,,5650.0,,,,,,,,,,,,,,,,,,,,,,,,,,,,,,,,,,,,,
38,Corn,Crops,Market year,2019/20,1813.0,12765.0,1603.0,2425.0,3.9,5575.0,7190.0,84.6,50.0,1.95,92.0,14930.0,344.0,10.6,16793.0,15190.0,344.0,1.95,176.5,,,,,,,,,,,,,,,,5700.0,,,,,,,,,,,,,,,,,,,,,,,,,,,,,,,,,,,,,
39,Corn,Crops,Market year,2020/21,1603.0,12865.0,1618.0,2450.0,3.95,5650.0,7215.0,85.6,50.0,1.95,93.0,15280.0,358.0,10.6,16933.0,15315.0,347.0,1.94,178.5,,,,,,,,,,,,,,,,5725.0,,,,,,,,,,,,,,,,,,,,,,,,,,,,,,,,,,,,,
40,Corn,Crops,Market year,2021/22,1618.0,12990.0,1653.0,2475.0,4.0,5775.0,7215.0,85.6,50.0,1.95,93.0,15450.0,371.0,10.7,17118.0,15465.0,351.0,1.94,180.5,,,,,,,,,,,,,,,,5725.0,,,,,,,,,,,,,,,,,,,,,,,,,,,,,,,,,,,,,
41,Corn,Crops,Market year,2022/23,1653.0,13145.0,1678.0,2500.0,4.1,5950.0,7195.0,85.6,50.0,1.95,93.0,15620.0,392.0,10.7,17323.0,15645.0,356.0,1.95,182.5,,,,,,,,,,,,,,,,5700.0,,,,,,,,,,,,,,,,,,,,,,,,,,,,,,,,,,,,,
42,Corn,Crops,Market year,2023/24,1678.0,13245.0,1753.0,2525.0,3.95,6075.0,7170.0,85.6,50.0,1.95,93.0,15795.0,369.0,11.1,17523.0,15770.0,360.0,1.95,184.5,,,,,,,,,,,,,,,,5675.0,,,,,,,,,,,,,,,,,,,,,,,,,,,,,,,,,,,,,
43,Corn,Crops,Market year,2024/25,1753.0,13300.0,1823.0,2550.0,3.8,6175.0,7125.0,85.1,50.0,1.95,92.5,15870.0,344.0,11.5,17673.0,15850.0,365.0,1.96,186.5,,,,,,,,,,,,,,,,5625.0,,,,,,,,,,,,,,,,,,,,,,,,,,,,,,,,,,,,,
44,Corn,Crops,Market year,2025/26,1823.0,13425.0,1888.0,2600.0,3.8,6325.0,7100.0,85.1,50.0,1.95,92.5,16040.0,348.0,11.8,17913.0,16025.0,369.0,1.96,188.5,,,,,,,,,,,,,,,,5600.0,,,,,,,,,,,,,,,,,,,,,,,,,,,,,,,,,,,,,
45,Corn,Crops,Market year,2026/27,1888.0,13505.0,1993.0,2650.0,3.7,6450.0,7055.0,85.1,50.0,1.95,92.5,16210.0,334.0,12.3,18148.0,16155.0,371.0,1.95,190.5,,,,,,,,,,,,,,,,5550.0,,,,,,,,,,,,,,,,,,,,,,,,,,,,,,,,,,,,,
46,Corn,Crops,Market year,2027/28,1993.0,13605.0,2023.0,2700.0,3.7,6600.0,7005.0,84.6,50.0,1.95,92.0,16285.0,337.0,12.4,18328.0,16305.0,375.0,1.95,192.5,,,,,,,,,,,,,,,,5500.0,,,,,,,,,,,,,,,,,,,,,,,,,,,,,,,,,,,,,
47,Corn,Crops,Market year,2028/29,2023.0,13630.0,2048.0,2750.0,3.7,6675.0,6955.0,84.1,50.0,1.95,91.5,16355.0,341.0,12.5,18428.0,16380.0,379.0,1.95,194.5,,,,,,,,,,,,,,,,5450.0,,,,,,,,,,,,,,,,,,,,,,,,,,,,,,,,,,,,,
48,Dairy,Livestock/Dairy,Market year,2017/18,,,,,,,,,,,,,,,,,,,,,,,,,,,,,,,,,,,,210.5,177.6,22941.38682,215.5,9392.0,17.65,,,,,,,,,,,,,,,,,,,,,,,,,,,,,,,
49,Dairy,Livestock/Dairy,Market year,2018/19,,,,,,,,,,,,,,,,,,,,,,,,,,,,,,,,,,,,212.9,178.6,23200.0,218.1,9400.0,16.4,,,,,,,,,,,,,,,,,,,,,,,,,,,,,,,
50,Dairy,Livestock/Dairy,Market year,2019/20,,,,,,,,,,,,,,,,,,,,,,,,,,,,,,,,,,,,217.5,181.6,23525.0,221.4,9410.0,17.3,,,,,,,,,,,,,,,,,,,,,,,,,,,,,,,
51,Dairy,Livestock/Dairy,Market year,2020/21,,,,,,,,,,,,,,,,,,,,,,,,,,,,,,,,,,,,220.2,184.2,23930.0,225.3,9415.0,17.4,,,,,,,,,,,,,,,,,,,,,,,,,,,,,,,
52,Dairy,Livestock/Dairy,Market year,2021/22,,,,,,,,,,,,,,,,,,,,,,,,,,,,,,,,,,,,222.4,185.9,24175.0,227.8,9425.0,17.55,,,,,,,,,,,,,,,,,,,,,,,,,,,,,,,
53,Dairy,Livestock/Dairy,Market year,2022/23,,,,,,,,,,,,,,,,,,,,,,,,,,,,,,,,,,,,225.2,187.7,24495.0,231.0,9430.0,17.8,,,,,,,,,,,,,,,,,,,,,,,,,,,,,,,
54,Dairy,Livestock/Dairy,Market year,2023/24,,,,,,,,,,,,,,,,,,,,,,,,,,,,,,,,,,,,228.4,189.8,24815.0,234.1,9435.0,18.15,,,,,,,,,,,,,,,,,,,,,,,,,,,,,,,
55,Dairy,Livestock/Dairy,Market year,2024/25,,,,,,,,,,,,,,,,,,,,,,,,,,,,,,,,,,,,231.9,192.2,25210.0,238.0,9440.0,18.55,,,,,,,,,,,,,,,,,,,,,,,,,,,,,,,
56,Dairy,Livestock/Dairy,Market year,2025/26,,,,,,,,,,,,,,,,,,,,,,,,,,,,,,,,,,,,234.4,193.9,25475.0,240.6,9445.0,18.85,,,,,,,,,,,,,,,,,,,,,,,,,,,,,,,
57,Dairy,Livestock/Dairy,Market year,2026/27,,,,,,,,,,,,,,,,,,,,,,,,,,,,,,,,,,,,237.1,195.9825787,25805.0,244.0,9455.0,19.0,,,,,,,,,,,,,,,,,,,,,,,,,,,,,,,
58,Dairy,Livestock/Dairy,Market year,2027/28,,,,,,,,,,,,,,,,,,,,,,,,,,,,,,,,,,,,240.3,197.9,26130.0,247.2,9460.0,19.3,,,,,,,,,,,,,,,,,,,,,,,,,,,,,,,
59,Dairy,Livestock/Dairy,Market year,2028/29,,,,,,,,,,,,,,,,,,,,,,,,,,,,,,,,,,,,243.7,200.5,26530.0,251.1,9465.0,19.65,,,,,,,,,,,,,,,,,,,,,,,,,,,,,,,
60,Egg,Livestock/Dairy,Calendar year,2017/18,142.0,,88.0,355.0,,,,,34.2,,,8808.0,,,8984.0,,,,,,,,,,,,,,,,,7507.0,,,,,,,,,,86.6,1035.0,100.9,277.0,,,,,,,,,,,,,,,,,,,,,,,,,,,
61,Egg,Livestock/Dairy,Calendar year,2018/19,88.0,,75.0,336.0,,,,,22.1,,,9001.0,,,9111.0,,,,,,,,,,,,,,,,,7639.0,,,,,,,,,,117.5,1060.0,141.2,279.0,,,,,,,,,,,,,,,,,,,,,,,,,,,
62,Egg,Livestock/Dairy,Calendar year,2019/20,75.0,,80.0,340.0,,,,,27.0,,,9140.0,,,9242.0,,,,,,,,,,,,,,,,,7737.0,,,,,,,,,,121.65,1085.0,123.8,280.0,,,,,,,,,,,,,,,,,,,,,,,,,,,
63,Egg,Livestock/Dairy,Calendar year,2020/21,80.0,,80.0,343.0,,,,,27.0,,,9277.0,,,9384.0,,,,,,,,,,,,,,,,,7865.0,,,,,,,,,,98.98,1096.0,101.0,283.0,,,,,,,,,,,,,,,,,,,,,,,,,,,
64,Egg,Livestock/Dairy,Calendar year,2021/22,80.0,,80.0,346.0,,,,,27.0,,,9398.0,,,9505.0,,,,,,,,,,,,,,,,,7973.0,,,,,,,,,,100.94,1106.0,103.0,284.0,,,,,,,,,,,,,,,,,,,,,,,,,,,
65,Egg,Livestock/Dairy,Calendar year,2022/23,80.0,,80.0,349.0,,,,,27.0,,,9510.0,,,9617.0,,,,,,,,,,,,,,,,,8074.0,,,,,,,,,,101.92,1114.0,104.0,286.0,,,,,,,,,,,,,,,,,,,,,,,,,,,
66,Egg,Livestock/Dairy,Calendar year,2023/24,80.0,,80.0,352.0,,,,,27.0,,,9625.0,,,9732.0,,,,,,,,,,,,,,,,,8178.0,,,,,,,,,,102.9,1121.0,105.0,287.0,,,,,,,,,,,,,,,,,,,,,,,,,,,
67,Egg,Livestock/Dairy,Calendar year,2024/25,80.0,,80.0,355.0,,,,,27.0,,,9740.0,,,9847.0,,,,,,,,,,,,,,,,,8282.0,,,,,,,,,,102.9,1129.0,105.0,289.0,,,,,,,,,,,,,,,,,,,,,,,,,,,
68,Egg,Livestock/Dairy,Calendar year,2025/26,80.0,,80.0,358.0,,,,,27.0,,,9857.0,,,9964.0,,,,,,,,,,,,,,,,,8388.0,,,,,,,,,,102.9,1137.0,105.0,290.0,,,,,,,,,,,,,,,,,,,,,,,,,,,
69,Egg,Livestock/Dairy,Calendar year,2026/27,80.0,,80.0,361.0,,,,,27.0,,,9975.0,,,10082.0,,,,,,,,,,,,,,,,,8497.0,,,,,,,,,,103.88,1144.0,106.0,292.0,,,,,,,,,,,,,,,,,,,,,,,,,,,
70,Egg,Livestock/Dairy,Calendar year,2027/28,80.0,,80.0,364.0,,,,,27.0,,,10095.0,,,10202.0,,,,,,,,,,,,,,,,,8610.0,,,,,,,,,,104.86,1148.0,107.0,294.0,,,,,,,,,,,,,,,,,,,,,,,,,,,
71,Egg,Livestock/Dairy,Calendar year,2028/29,80.0,,80.0,367.0,,,,,27.0,,,10211.0,,,10318.0,,,,,,,,,,,,,,,,,8719.0,,,,,,,,,,105.84,1151.0,108.0,296.0,,,,,,,,,,,,,,,,,,,,,,,,,,,
72,Oats,Crops,Market year,2017/18,50.0,146.0,41.0,2.0,2.59,68.0,78.0,0.8,89.0,1.39,2.6,49.0,36.0,27.7,189.0,148.0,124.0,2.02,61.7,,,,,,,,,,,,,,,,,,,,,,,,,,,,,,,,,,,,,,,,,,,,,,,,,,,,,
73,Oats,Crops,Market year,2018/19,41.0,154.0,36.0,2.0,2.7,75.0,79.0,0.865,95.0,1.39,2.7,56.0,49.0,23.1,192.0,156.0,126.0,1.95,64.9,,,,,,,,,,,,,,,,,,,,,,,,,,,,,,,,,,,,,,,,,,,,,,,,,,,,,
74,Oats,Crops,Market year,2019/20,36.0,159.0,36.0,2.0,2.9,80.0,79.0,1.0,95.0,1.39,2.8,66.0,48.0,22.4,197.0,161.0,128.0,1.94,66.4,,,,,,,,,,,,,,,,,,,,,,,,,,,,,,,,,,,,,,,,,,,,,,,,,,,,,
75,Oats,Crops,Market year,2020/21,36.0,160.0,36.0,2.0,2.95,80.0,80.0,1.0,95.0,1.39,2.8,67.0,44.0,22.2,198.0,162.0,129.0,1.93,66.7,,,,,,,,,,,,,,,,,,,,,,,,,,,,,,,,,,,,,,,,,,,,,,,,,,,,,
76,Oats,Crops,Market year,2021/22,36.0,160.0,36.0,2.0,2.95,80.0,80.0,1.0,95.0,1.39,2.8,67.0,47.0,22.2,198.0,162.0,131.0,1.96,67.1,,,,,,,,,,,,,,,,,,,,,,,,,,,,,,,,,,,,,,,,,,,,,,,,,,,,,
77,Oats,Crops,Market year,2022/23,36.0,161.0,35.0,2.0,3.05,80.0,81.0,1.0,95.0,1.39,2.7,67.4,45.0,21.5,198.0,163.0,134.0,1.99,67.4,,,,,,,,,,,,,,,,,,,,,,,,,,,,,,,,,,,,,,,,,,,,,,,,,,,,,
78,Oats,Crops,Market year,2023/24,35.0,161.0,28.0,2.0,3.05,80.0,81.0,0.9,95.0,1.39,2.6,61.0,47.0,17.2,191.0,163.0,136.0,2.01,67.7,,,,,,,,,,,,,,,,,,,,,,,,,,,,,,,,,,,,,,,,,,,,,,,,,,,,,
79,Oats,Crops,Market year,2024/25,28.0,157.0,25.0,2.0,3.0,75.0,82.0,0.9,95.0,1.39,2.6,61.0,49.0,15.7,184.0,159.0,138.0,2.04,68.0,,,,,,,,,,,,,,,,,,,,,,,,,,,,,,,,,,,,,,,,,,,,,,,,,,,,,
80,Oats,Crops,Market year,2025/26,25.0,157.0,23.0,2.0,3.05,75.0,82.0,0.9,95.0,1.39,2.5,62.0,52.0,14.5,182.0,159.0,140.0,2.03,68.4,,,,,,,,,,,,,,,,,,,,,,,,,,,,,,,,,,,,,,,,,,,,,,,,,,,,,
81,Oats,Crops,Market year,2026/27,23.0,153.0,25.0,2.0,2.95,70.0,83.0,0.9,95.0,1.39,2.5,62.0,55.0,16.1,180.0,155.0,141.0,2.05,68.7,,,,,,,,,,,,,,,,,,,,,,,,,,,,,,,,,,,,,,,,,,,,,,,,,,,,,
82,Oats,Crops,Market year,2027/28,25.0,158.0,22.0,2.0,3.0,75.0,83.0,0.9,95.0,1.39,2.5,62.0,57.0,13.8,182.0,160.0,143.0,2.08,69.0,,,,,,,,,,,,,,,,,,,,,,,,,,,,,,,,,,,,,,,,,,,,,,,,,,,,,
83,Oats,Crops,Market year,2028/29,22.0,154.0,23.0,2.0,3.0,70.0,84.0,0.9,95.0,1.39,2.5,62.0,60.0,14.7,179.0,156.0,145.0,2.1,69.4,,,,,,,,,,,,,,,,,,,,,,,,,,,,,,,,,,,,,,,,,,,,,,,,,,,,,
84,"Per capita meat consumption, retail weight",Livestock/Dairy,Calendar year,2017/18,,,,,,,,,,,,,,,,,,,,,,,,,,,,,,,,,,,,,,,,,,,,,,90.9,1.1,1.3,217.0,57.0,50.1,108.6,108.4,0.2,16.4,,,,,,,,,,,,,,,,,
85,"Per capita meat consumption, retail weight",Livestock/Dairy,Calendar year,2018/19,,,,,,,,,,,,,,,,,,,,,,,,,,,,,,,,,,,,,,,,,,,,,,92.4,1.1,1.4,219.3,57.2,50.8,110.0,109.3,0.2,16.2,,,,,,,,,,,,,,,,,
86,"Per capita meat consumption, retail weight",Livestock/Dairy,Calendar year,2019/20,,,,,,,,,,,,,,,,,,,,,,,,,,,,,,,,,,,,,,,,,,,,,,93.4,1.1,1.3,224.3,58.8,53.1,111.1,113.2,0.2,16.4,,,,,,,,,,,,,,,,,
87,"Per capita meat consumption, retail weight",Livestock/Dairy,Calendar year,2020/21,,,,,,,,,,,,,,,,,,,,,,,,,,,,,,,,,,,,,,,,,,,,,,93.7,1.1,1.3,225.6,59.7,53.4,111.2,114.4,0.2,16.2,,,,,,,,,,,,,,,,,
88,"Per capita meat consumption, retail weight",Livestock/Dairy,Calendar year,2021/22,,,,,,,,,,,,,,,,,,,,,,,,,,,,,,,,,,,,,,,,,,,,,,94.0,1.1,1.3,225.4,59.2,53.5,111.4,114.0,0.2,16.1,,,,,,,,,,,,,,,,,
89,"Per capita meat consumption, retail weight",Livestock/Dairy,Calendar year,2022/23,,,,,,,,,,,,,,,,,,,,,,,,,,,,,,,,,,,,,,,,,,,,,,94.1,1.1,1.3,225.3,58.8,53.8,111.4,113.9,0.2,16.0,,,,,,,,,,,,,,,,,
90,"Per capita meat consumption, retail weight",Livestock/Dairy,Calendar year,2023/24,,,,,,,,,,,,,,,,,,,,,,,,,,,,,,,,,,,,,,,,,,,,,,94.2,1.1,1.3,225.3,58.8,53.9,111.3,114.0,0.2,15.8,,,,,,,,,,,,,,,,,
91,"Per capita meat consumption, retail weight",Livestock/Dairy,Calendar year,2024/25,,,,,,,,,,,,,,,,,,,,,,,,,,,,,,,,,,,,,,,,,,,,,,94.5,1.1,1.3,225.3,58.8,53.7,111.5,113.8,0.2,15.7,,,,,,,,,,,,,,,,,
92,"Per capita meat consumption, retail weight",Livestock/Dairy,Calendar year,2025/26,,,,,,,,,,,,,,,,,,,,,,,,,,,,,,,,,,,,,,,,,,,,,,94.7,1.1,1.3,225.5,58.8,53.7,111.7,113.8,0.2,15.7,,,,,,,,,,,,,,,,,
93,"Per capita meat consumption, retail weight",Livestock/Dairy,Calendar year,2026/27,,,,,,,,,,,,,,,,,,,,,,,,,,,,,,,,,,,,,,,,,,,,,,94.8,1.1,1.4,225.7,58.7,53.9,111.8,113.9,0.2,15.6,,,,,,,,,,,,,,,,,
94,"Per capita meat consumption, retail weight",Livestock/Dairy,Calendar year,2027/28,,,,,,,,,,,,,,,,,,,,,,,,,,,,,,,,,,,,,,,,,,,,,,94.6,1.1,1.4,225.6,58.6,54.1,111.6,114.0,0.2,15.6,,,,,,,,,,,,,,,,,
95,"Per capita meat consumption, retail weight",Livestock/Dairy,Calendar year,2028/29,,,,,,,,,,,,,,,,,,,,,,,,,,,,,,,,,,,,,,,,,,,,,,94.3,1.1,1.4,225.2,58.4,54.3,111.2,114.0,0.2,15.5,,,,,,,,,,,,,,,,,
96,Pork,Livestock/Dairy,Calendar year,2017/18,507.0,,554.0,5632.0,,,,,1116.0,,,,,,27221.0,,,,,,,,,25584.0,,14.0,,,21035.0,25598.0,,,,,,,,,,,,,,,,,,,,,,,,,,71545.0,53.6,50.48,,,,,,,,,,,,,,
97,Pork,Livestock/Dairy,Calendar year,2018/19,554.0,,550.0,5989.0,,,,,1064.0,,,,,,28057.0,,,,,,,,,26425.0,,14.0,,,21518.0,26439.0,,,,,,,,,,,,,,,,,,,,,,,,,,73445.0,48.61,45.23,,,,,,,,,,,,,,
98,Pork,Livestock/Dairy,Calendar year,2019/20,550.0,,585.0,6200.0,,,,,1060.0,,,,,,29434.0,,,,,,,,,27810.0,,14.0,,,22649.0,27824.0,,,,,,,,,,,,,,,,,,,,,,,,,,75750.0,49.26,41.25,,,,,,,,,,,,,,
99,Pork,Livestock/Dairy,Calendar year,2020/21,585.0,,590.0,6350.0,,,,,1070.0,,,,,,29912.0,,,,,,,,,28243.0,,14.0,,,22972.0,28257.0,,,,,,,,,,,,,,,,,,,,,,,,,,75650.0,45.21,43.06,,,,,,,,,,,,,,
100,Pork,Livestock/Dairy,Calendar year,2021/22,590.0,,595.0,6380.0,,,,,1080.0,,,,,,30158.0,,,,,,,,,28474.0,,14.0,,,23183.0,28488.0,,,,,,,,,,,,,,,,,,,,,,,,,,76003.0,47.07,44.83,,,,,,,,,,,,,,
101,Pork,Livestock/Dairy,Calendar year,2022/23,595.0,,600.0,6400.0,,,,,1090.0,,,,,,30483.0,,,,,,,,,28784.0,,14.0,,,23483.0,28798.0,,,,,,,,,,,,,,,,,,,,,,,,,,76475.0,47.4,45.14,,,,,,,,,,,,,,
102,Pork,Livestock/Dairy,Calendar year,2023/24,600.0,,610.0,6450.0,,,,,1100.0,,,,,,30768.0,,,,,,,,,29054.0,,14.0,,,23708.0,29068.0,,,,,,,,,,,,,,,,,,,,,,,,,,76886.0,47.12,44.87,,,,,,,,,,,,,,
103,Pork,Livestock/Dairy,Calendar year,2024/25,610.0,,620.0,6500.0,,,,,1110.0,,,,,,30944.0,,,,,,,,,29210.0,,14.0,,,23824.0,29224.0,,,,,,,,,,,,,,,,,,,,,,,,,,77124.0,47.19,44.94,,,,,,,,,,,,,,
104,Pork,Livestock/Dairy,Calendar year,2025/26,620.0,,630.0,6575.0,,,,,1120.0,,,,,,31197.0,,,,,,,,,29443.0,,14.0,,,23992.0,29457.0,,,,,,,,,,,,,,,,,,,,,,,,,,77479.0,47.25,45.0,,,,,,,,,,,,,,
105,Pork,Livestock/Dairy,Calendar year,2026/27,630.0,,640.0,6650.0,,,,,1130.0,,,,,,31550.0,,,,,,,,,29776.0,,14.0,,,24260.0,29790.0,,,,,,,,,,,,,,,,,,,,,,,,,,77986.0,46.88,44.65,,,,,,,,,,,,,,
106,Pork,Livestock/Dairy,Calendar year,2027/28,640.0,,650.0,6710.0,,,,,1140.0,,,,,,31840.0,,,,,,,,,30046.0,,14.0,,,24480.0,30060.0,,,,,,,,,,,,,,,,,,,,,,,,,,78397.0,46.82,44.59,,,,,,,,,,,,,,
107,Pork,Livestock/Dairy,Calendar year,2028/29,650.0,,660.0,6800.0,,,,,1150.0,,,,,,32227.0,,,,,,,,,30413.0,,14.0,,,24767.0,30427.0,,,,,,,,,,,,,,,,,,,,,,,,,,78957.0,46.42,44.21,,,,,,,,,,,,,,
108,Rice,Crops,Market year,2017/18,46.0,134.8,29.4,87.0,12.6,,,2374.0,26.9,6.5,2463.0,178.2,380.0,13.2,251.2,221.8,566.0,,7507.0,,,,,,,,,,,,,,,,,,,,,,,,,,,,,,,,,,,,,,,,70.0,7.54,,,,,,,,,,,,
109,Rice,Crops,Market year,2018/19,29.4,133.0,44.2,98.0,11.7,,,2902.0,27.0,6.5,2943.0,218.8,304.0,19.1,275.2,231.0,578.0,,7539.0,,,,,,,,,,,,,,,,,,,,,,,,,,,,,,,,,,,,,,,,70.0,7.67,,,,,,,,,,,,
110,Rice,Crops,Market year,2019/20,44.2,134.0,41.3,104.0,11.9,,,2687.0,27.6,6.5,2720.0,207.5,333.0,17.3,279.3,238.0,586.0,,7722.0,,,,,,,,,,,,,,,,,,,,,,,,,,,,,,,,,,,,,,,,70.0,7.59,,,,,,,,,,,,
111,Rice,Crops,Market year,2020/21,41.3,129.0,39.3,102.5,12.0,,,2593.0,28.0,6.5,2625.0,201.5,338.0,17.0,270.8,231.5,594.0,,7771.0,,,,,,,,,,,,,,,,,,,,,,,,,,,,,,,,,,,,,,,,70.0,7.64,,,,,,,,,,,,
112,Rice,Crops,Market year,2021/22,39.3,129.0,38.8,102.5,12.1,,,2593.0,28.5,6.5,2625.0,202.5,346.0,16.8,270.3,231.5,599.0,,7809.0,,,,,,,,,,,,,,,,,,,,,,,,,,,,,,,,,,,,,,,,70.0,7.67,,,,,,,,,,,,
113,Rice,Crops,Market year,2022/23,38.8,131.0,40.0,104.0,12.2,,,2643.0,28.9,6.5,2675.0,207.3,351.0,17.0,275.0,235.0,606.0,,7843.0,,,,,,,,,,,,,,,,,,,,,,,,,,,,,,,,,,,,,,,,70.0,7.73,,,,,,,,,,,,
114,Rice,Crops,Market year,2023/24,40.0,132.0,41.1,104.5,12.4,,,2643.0,29.3,6.5,2675.0,208.3,363.0,17.4,277.6,236.5,614.0,,7881.0,,,,,,,,,,,,,,,,,,,,,,,,,,,,,,,,,,,,,,,,70.0,7.79,,,,,,,,,,,,
115,Rice,Crops,Market year,2024/25,41.1,133.5,41.3,105.5,12.5,,,2643.0,29.8,6.5,2675.0,209.4,368.0,17.3,280.3,239.0,622.0,,7923.0,,,,,,,,,,,,,,,,,,,,,,,,,,,,,,,,,,,,,,,,70.0,7.85,,,,,,,,,,,,
116,Rice,Crops,Market year,2025/26,41.3,134.5,41.4,106.0,12.6,,,2643.0,30.2,6.5,2675.0,210.4,374.0,17.2,281.9,240.5,629.0,,7961.0,,,,,,,,,,,,,,,,,,,,,,,,,,,,,,,,,,,,,,,,70.0,7.9,,,,,,,,,,,,
117,Rice,Crops,Market year,2026/27,41.4,136.5,41.1,106.0,12.7,,,2643.0,30.7,6.5,2675.0,211.5,382.0,17.0,283.6,242.5,634.0,,8002.0,,,,,,,,,,,,,,,,,,,,,,,,,,,,,,,,,,,,,,,,70.0,7.92,,,,,,,,,,,,
118,Rice,Crops,Market year,2027/28,41.1,137.5,41.2,106.0,12.8,,,2643.0,31.1,6.5,2675.0,212.5,389.0,16.9,284.7,243.5,640.0,,8040.0,,,,,,,,,,,,,,,,,,,,,,,,,,,,,,,,,,,,,,,,70.0,7.96,,,,,,,,,,,,
119,Rice,Crops,Market year,2028/29,41.2,139.0,41.3,106.0,12.9,,,2643.0,31.5,6.5,2675.0,213.6,396.0,16.9,286.3,245.0,647.0,,8082.0,,,,,,,,,,,,,,,,,,,,,,,,,,,,,,,,,,,,,,,,70.0,8.01,,,,,,,,,,,,
120,Sorghum,Crops,Market year,2017/18,33.0,159.0,35.0,205.0,3.22,100.0,59.0,5.0,2.0,1.95,5.6,364.0,106.0,9.6,399.0,364.0,127.0,1.74,72.1,,,,,,,,,,,,,,,,,,,,,,,,,,,,,,,,,,,,,,,,,,,,,,,,,,,,,
121,Sorghum,Crops,Market year,2018/19,35.0,230.0,37.0,150.0,3.3,105.0,125.0,5.1,0.0,1.95,5.8,382.0,118.0,9.7,417.0,380.0,129.0,1.72,75.0,,,,,,,,,,,,,,,,,,,,,,,,,,,,,,,,,,,,,,,,,,,,,,,,,,,,,
122,Sorghum,Crops,Market year,2019/20,37.0,195.0,29.0,150.0,3.65,95.0,100.0,5.0,0.0,1.95,5.6,337.0,115.0,8.4,374.0,345.0,131.0,1.94,67.3,,,,,,,,,,,,,,,,,,,,,,,,,,,,,,,,,,,,,,,,,,,,,,,,,,,,,
123,Sorghum,Crops,Market year,2020/21,29.0,190.0,26.0,150.0,3.7,90.0,100.0,5.0,0.0,1.95,5.6,337.0,117.0,7.6,366.0,340.0,132.0,1.96,67.3,,,,,,,,,,,,,,,,,,,,,,,,,,,,,,,,,,,,,,,,,,,,,,,,,,,,,
124,Sorghum,Crops,Market year,2021/22,26.0,195.0,24.0,150.0,3.75,95.0,100.0,5.1,0.0,1.95,5.7,343.0,119.0,7.0,369.0,345.0,134.0,1.99,67.3,,,,,,,,,,,,,,,,,,,,,,,,,,,,,,,,,,,,,,,,,,,,,,,,,,,,,
125,Sorghum,Crops,Market year,2022/23,24.0,190.0,27.0,150.0,3.85,90.0,100.0,5.1,0.0,1.95,5.7,343.0,123.0,7.9,367.0,340.0,136.0,2.02,67.3,,,,,,,,,,,,,,,,,,,,,,,,,,,,,,,,,,,,,,,,,,,,,,,,,,,,,
126,Sorghum,Crops,Market year,2023/24,27.0,195.0,25.0,150.0,3.7,95.0,100.0,5.1,0.0,1.95,5.7,343.0,111.0,7.2,370.0,345.0,138.0,2.05,67.3,,,,,,,,,,,,,,,,,,,,,,,,,,,,,,,,,,,,,,,,,,,,,,,,,,,,,
127,Sorghum,Crops,Market year,2024/25,25.0,190.0,28.0,150.0,3.55,90.0,100.0,5.1,0.0,1.95,5.7,343.0,99.0,8.2,368.0,340.0,140.0,2.08,67.3,,,,,,,,,,,,,,,,,,,,,,,,,,,,,,,,,,,,,,,,,,,,,,,,,,,,,
128,Sorghum,Crops,Market year,2025/26,28.0,200.0,28.0,150.0,3.5,100.0,100.0,5.2,0.0,1.95,5.8,350.0,94.0,8.0,378.0,350.0,141.0,2.09,67.3,,,,,,,,,,,,,,,,,,,,,,,,,,,,,,,,,,,,,,,,,,,,,,,,,,,,,
129,Sorghum,Crops,Market year,2026/27,28.0,200.0,28.0,150.0,3.4,100.0,100.0,5.2,0.0,1.95,5.8,350.0,86.0,8.0,378.0,350.0,143.0,2.12,67.3,,,,,,,,,,,,,,,,,,,,,,,,,,,,,,,,,,,,,,,,,,,,,,,,,,,,,
130,Sorghum,Crops,Market year,2027/28,28.0,200.0,28.0,150.0,3.4,100.0,100.0,5.2,0.0,1.95,5.8,350.0,84.0,8.0,378.0,350.0,144.0,2.14,67.3,,,,,,,,,,,,,,,,,,,,,,,,,,,,,,,,,,,,,,,,,,,,,,,,,,,,,
131,Sorghum,Crops,Market year,2028/29,28.0,200.0,28.0,150.0,3.4,100.0,100.0,5.2,0.0,1.95,5.8,350.0,83.0,8.0,378.0,350.0,146.0,2.17,67.3,,,,,,,,,,,,,,,,,,,,,,,,,,,,,,,,,,,,,,,,,,,,,,,,,,,,,
132,Soybean meal,Crops,Market year,2017/18,401.0,34800.0,400.0,14900.0,,,,,500.0,,,49199.0,,,50100.0,,,,,,,,,,,,,,,,,,,,,,,,,,,,,,,,,,,,,,,,,,,,,,47.34,345.0,49700.0,,,,,,,,,
133,Soybean meal,Crops,Market year,2018/19,400.0,35800.0,400.0,13500.0,,,,,350.0,,,48950.0,,,49700.0,,,,,,,,,,,,,,,,,,,,,,,,,,,,,,,,,,,,,,,,,,,,,,47.3,310.0,49300.0,,,,,,,,,
134,Soybean meal,Crops,Market year,2019/20,400.0,36200.0,300.0,13500.0,,,,,300.0,,,49300.0,,,50000.0,,,,,,,,,,,,,,,,,,,,,,,,,,,,,,,,,,,,,,,,,,,,,,47.5,320.0,49700.0,,,,,,,,,
135,Soybean meal,Crops,Market year,2020/21,300.0,36650.0,300.0,13500.0,,,,,300.0,,,49850.0,,,50450.0,,,,,,,,,,,,,,,,,,,,,,,,,,,,,,,,,,,,,,,,,,,,,,47.5,337.0,50150.0,,,,,,,,,
136,Soybean meal,Crops,Market year,2021/22,300.0,37100.0,300.0,13500.0,,,,,300.0,,,50300.0,,,50900.0,,,,,,,,,,,,,,,,,,,,,,,,,,,,,,,,,,,,,,,,,,,,,,47.5,353.0,50600.0,,,,,,,,,
137,Soybean meal,Crops,Market year,2022/23,300.0,37600.0,300.0,13500.0,,,,,300.0,,,50800.0,,,51400.0,,,,,,,,,,,,,,,,,,,,,,,,,,,,,,,,,,,,,,,,,,,,,,47.5,369.0,51100.0,,,,,,,,,
138,Soybean meal,Crops,Market year,2023/24,300.0,38100.0,300.0,13500.0,,,,,300.0,,,51300.0,,,51900.0,,,,,,,,,,,,,,,,,,,,,,,,,,,,,,,,,,,,,,,,,,,,,,47.5,366.0,51600.0,,,,,,,,,
139,Soybean meal,Crops,Market year,2024/25,300.0,38600.0,300.0,13700.0,,,,,300.0,,,52000.0,,,52600.0,,,,,,,,,,,,,,,,,,,,,,,,,,,,,,,,,,,,,,,,,,,,,,47.5,357.0,52300.0,,,,,,,,,
140,Soybean meal,Crops,Market year,2025/26,300.0,39100.0,300.0,13800.0,,,,,300.0,,,52600.0,,,53200.0,,,,,,,,,,,,,,,,,,,,,,,,,,,,,,,,,,,,,,,,,,,,,,47.5,356.0,52900.0,,,,,,,,,
141,Soybean meal,Crops,Market year,2026/27,300.0,39600.0,300.0,13900.0,,,,,300.0,,,53200.0,,,53800.0,,,,,,,,,,,,,,,,,,,,,,,,,,,,,,,,,,,,,,,,,,,,,,47.5,348.0,53500.0,,,,,,,,,
142,Soybean meal,Crops,Market year,2027/28,300.0,40100.0,300.0,13950.0,,,,,300.0,,,53750.0,,,54350.0,,,,,,,,,,,,,,,,,,,,,,,,,,,,,,,,,,,,,,,,,,,,,,47.5,349.0,54050.0,,,,,,,,,
143,Soybean meal,Crops,Market year,2028/29,300.0,40600.0,300.0,14000.0,,,,,300.0,,,54300.0,,,54900.0,,,,,,,,,,,,,,,,,,,,,,,,,,,,,,,,,,,,,,,,,,,,,,47.5,351.0,54600.0,,,,,,,,,
144,Soybean oil,Crops,Market year,2017/18,1711.0,21200.0,2206.0,2450.0,,,,,350.0,,,23795.0,,,25856.0,,,,,,,,,,,,,,,,,,,,,,,,,,,,,,,,,,,,,,,,,,,,,,11.44,0.3004,23650.0,7100.0,,,,,,,,
145,Soybean oil,Crops,Market year,2018/19,2206.0,22100.0,2116.0,2200.0,,,,,300.0,,,23910.0,,,26416.0,,,,,,,,,,,,,,,,,,,,,,,,,,,,,,,,,,,,,,,,,,,,,,11.55,0.3,24300.0,7800.0,,,,,,,,
146,Soybean oil,Crops,Market year,2019/20,2116.0,22575.0,1926.0,1900.0,,,,,300.0,,,23985.0,,,26401.0,,,,,,,,,,,,,,,,,,,,,,,,,,,,,,,,,,,,,,,,,,,,,,11.56,0.305,24475.0,8100.0,,,,,,,,
147,Soybean oil,Crops,Market year,2020/21,1926.0,22800.0,1921.0,1800.0,,,,,300.0,,,24295.0,,,26521.0,,,,,,,,,,,,,,,,,,,,,,,,,,,,,,,,,,,,,,,,,,,,,,11.57,0.31,24600.0,8150.0,,,,,,,,
148,Soybean oil,Crops,Market year,2021/22,1921.0,23025.0,1996.0,1750.0,,,,,300.0,,,24550.0,,,26771.0,,,,,,,,,,,,,,,,,,,,,,,,,,,,,,,,,,,,,,,,,,,,,,11.58,0.315,24775.0,8200.0,,,,,,,,
149,Soybean oil,Crops,Market year,2022/23,1996.0,23250.0,2076.0,1775.0,,,,,300.0,,,24805.0,,,27101.0,,,,,,,,,,,,,,,,,,,,,,,,,,,,,,,,,,,,,,,,,,,,,,11.59,0.32,25025.0,8250.0,,,,,,,,
150,Soybean oil,Crops,Market year,2023/24,2076.0,23475.0,2081.0,1875.0,,,,,300.0,,,25055.0,,,27431.0,,,,,,,,,,,,,,,,,,,,,,,,,,,,,,,,,,,,,,,,,,,,,,11.6,0.325,25350.0,8300.0,,,,,,,,
151,Soybean oil,Crops,Market year,2024/25,2081.0,23650.0,2006.0,2150.0,,,,,300.0,,,25425.0,,,27806.0,,,,,,,,,,,,,,,,,,,,,,,,,,,,,,,,,,,,,,,,,,,,,,11.61,0.33,25800.0,8300.0,,,,,,,,
152,Soybean oil,Crops,Market year,2025/26,2006.0,23850.0,1971.0,2225.0,,,,,300.0,,,25740.0,,,28046.0,,,,,,,,,,,,,,,,,,,,,,,,,,,,,,,,,,,,,,,,,,,,,,11.62,0.333,26075.0,8300.0,,,,,,,,
153,Soybean oil,Crops,Market year,2026/27,1971.0,24050.0,1971.0,2300.0,,,,,300.0,,,26050.0,,,28321.0,,,,,,,,,,,,,,,,,,,,,,,,,,,,,,,,,,,,,,,,,,,,,,11.63,0.335,26350.0,8300.0,,,,,,,,
154,Soybean oil,Crops,Market year,2027/28,1971.0,24250.0,2011.0,2375.0,,,,,300.0,,,26365.0,,,28636.0,,,,,,,,,,,,,,,,,,,,,,,,,,,,,,,,,,,,,,,,,,,,,,11.64,0.335,26625.0,8300.0,,,,,,,,
155,Soybean oil,Crops,Market year,2028/29,2011.0,24425.0,2056.0,2450.0,,,,,300.0,,,26620.0,,,28931.0,,,,,,,,,,,,,,,,,,,,,,,,,,,,,,,,,,,,,,,,,,,,,,11.65,0.335,26875.0,8300.0,,,,,,,,
156,Soybeans,Crops,Market year,2017/18,302.0,,438.0,2129.0,9.33,,,89.5,22.0,5.0,90.1,4411.0,299.0,10.2,4734.0,4296.0,161.0,3.27,49.3,,,,,,,,,,,,,,,,,,,,,,,,,,,,,,,,,,,,,,,,,,,,,,2055.0,2.27,112.0,,,,,
157,Soybeans,Crops,Market year,2018/19,438.0,,885.0,2060.0,8.6,,,88.3,25.0,5.0,89.1,4690.0,294.0,20.7,5153.0,4268.0,163.0,3.07,53.1,,,,,,,,,,,,,,,,,,,,,,,,,,,,,,,,,,,,,,,,,,,,,,2070.0,2.2,137.0,,,,,
158,Soybeans,Crops,Market year,2019/20,885.0,,723.0,2075.0,8.75,,,81.8,25.0,5.0,82.5,4090.0,273.0,16.9,5000.0,4277.0,165.0,3.3,50.0,,,,,,,,,,,,,,,,,,,,,,,,,,,,,,,,,,,,,,,,,,,,,,2075.0,2.38,127.0,,,,,
159,Soybeans,Crops,Market year,2020/21,723.0,,565.0,2090.0,9.15,,,81.8,25.0,5.0,82.5,4135.0,296.0,13.1,4883.0,4318.0,166.0,3.28,50.55,,,,,,,,,,,,,,,,,,,,,,,,,,,,,,,,,,,,,,,,,,,,,,2100.0,2.44,128.0,,,,,
160,Soybeans,Crops,Market year,2021/22,565.0,,445.0,2100.0,9.55,,,82.3,25.0,5.0,83.0,4205.0,320.0,10.2,4795.0,4349.0,168.0,3.29,51.1,,,,,,,,,,,,,,,,,,,,,,,,,,,,,,,,,,,,,,,,,,,,,,2120.0,2.48,129.0,,,,,
161,Soybeans,Crops,Market year,2022/23,445.0,,360.0,2110.0,9.95,,,82.7,25.0,5.0,83.5,4270.0,343.0,8.2,4740.0,4380.0,171.0,3.31,51.65,,,,,,,,,,,,,,,,,,,,,,,,,,,,,,,,,,,,,,,,,,,,,,2140.0,2.52,131.0,,,,,
162,Soybeans,Crops,Market year,2023/24,360.0,,318.0,2120.0,9.9,,,83.2,25.0,5.0,84.0,4345.0,344.0,7.2,4730.0,4412.0,173.0,3.31,52.2,,,,,,,,,,,,,,,,,,,,,,,,,,,,,,,,,,,,,,,,,,,,,,2160.0,2.56,131.0,,,,,
163,Soybeans,Crops,Market year,2024/25,318.0,,306.0,2130.0,9.7,,,83.7,25.0,5.0,84.5,4415.0,337.0,6.9,4758.0,4453.0,175.0,3.32,52.75,,,,,,,,,,,,,,,,,,,,,,,,,,,,,,,,,,,,,,,,,,,,,,2190.0,2.61,133.0,,,,,
164,Soybeans,Crops,Market year,2025/26,306.0,,317.0,2155.0,9.65,,,84.2,25.0,5.0,85.0,4490.0,338.0,7.0,4821.0,4503.0,177.0,3.32,53.3,,,,,,,,,,,,,,,,,,,,,,,,,,,,,,,,,,,,,,,,,,,,,,2215.0,2.66,134.0,,,,,
165,Soybeans,Crops,Market year,2026/27,317.0,,323.0,2180.0,9.45,,,84.2,25.0,5.0,85.0,4535.0,331.0,7.1,4877.0,4554.0,178.0,3.3,53.85,,,,,,,,,,,,,,,,,,,,,,,,,,,,,,,,,,,,,,,,,,,,,,2240.0,2.7,134.0,,,,,
166,Soybeans,Crops,Market year,2027/28,323.0,,333.0,2225.0,9.45,,,84.7,25.0,5.0,85.5,4610.0,334.0,7.2,4958.0,4625.0,180.0,3.31,54.4,,,,,,,,,,,,,,,,,,,,,,,,,,,,,,,,,,,,,,,,,,,,,,2265.0,2.74,134.0,,,,,
167,Soybeans,Crops,Market year,2028/29,333.0,,338.0,2255.0,9.45,,,84.7,25.0,5.0,85.5,4655.0,337.0,7.2,5013.0,4675.0,182.0,3.31,54.95,,,,,,,,,,,,,,,,,,,,,,,,,,,,,,,,,,,,,,,,,,,,,,2285.0,2.79,135.0,,,,,
168,Turkey,Livestock/Dairy,Calendar year,2017/18,279.0,,310.0,622.0,,,,,,,,5981.0,,,6285.0,,,,,,,,,,,,,,,,,5353.0,,,,,,,,,,,,,,,,,,,,,,,,,,,,,,,,,,,,96.1,64.5,,,
169,Turkey,Livestock/Dairy,Calendar year,2018/19,310.0,,300.0,595.0,,,,,,,,5899.0,,,6234.0,,,,,,,,,,,,,,,,,5339.0,,,,,,,,,,,,,,,,,,,,,,,,,,,,,,,,,,,,81.1,52.6,,,
170,Turkey,Livestock/Dairy,Calendar year,2019/20,300.0,,310.0,585.0,,,,,,,,5985.0,,,6313.0,,,,,,,,,,,,,,,,,5418.0,,,,,,,,,,,,,,,,,,,,,,,,,,,,,,,,,,,,84.5,52.33,,,
171,Turkey,Livestock/Dairy,Calendar year,2020/21,310.0,,310.0,598.0,,,,,,,,5978.0,,,6316.0,,,,,,,,,,,,,,,,,5408.0,,,,,,,,,,,,,,,,,,,,,,,,,,,,,,,,,,,,84.65,52.42,,,
172,Turkey,Livestock/Dairy,Calendar year,2021/22,310.0,,310.0,599.0,,,,,,,,5987.0,,,6325.0,,,,,,,,,,,,,,,,,5416.0,,,,,,,,,,,,,,,,,,,,,,,,,,,,,,,,,,,,84.39,52.26,,,
173,Turkey,Livestock/Dairy,Calendar year,2022/23,310.0,,310.0,599.0,,,,,,,,5986.0,,,6324.0,,,,,,,,,,,,,,,,,5416.0,,,,,,,,,,,,,,,,,,,,,,,,,,,,,,,,,,,,85.83,53.15,,,
174,Turkey,Livestock/Dairy,Calendar year,2023/24,310.0,,310.0,598.0,,,,,,,,5979.0,,,6317.0,,,,,,,,,,,,,,,,,5409.0,,,,,,,,,,,,,,,,,,,,,,,,,,,,,,,,,,,,86.72,53.7,,,
175,Turkey,Livestock/Dairy,Calendar year,2024/25,310.0,,310.0,598.0,,,,,,,,5984.0,,,6322.0,,,,,,,,,,,,,,,,,5413.0,,,,,,,,,,,,,,,,,,,,,,,,,,,,,,,,,,,,87.4,54.12,,,
176,Turkey,Livestock/Dairy,Calendar year,2025/26,310.0,,310.0,600.0,,,,,,,,6000.0,,,6338.0,,,,,,,,,,,,,,,,,5428.0,,,,,,,,,,,,,,,,,,,,,,,,,,,,,,,,,,,,87.87,54.41,,,
177,Turkey,Livestock/Dairy,Calendar year,2026/27,310.0,,310.0,602.0,,,,,,,,6017.0,,,6355.0,,,,,,,,,,,,,,,,,5444.0,,,,,,,,,,,,,,,,,,,,,,,,,,,,,,,,,,,,88.32,54.69,,,
178,Turkey,Livestock/Dairy,Calendar year,2027/28,310.0,,310.0,605.0,,,,,,,,6045.0,,,6383.0,,,,,,,,,,,,,,,,,5469.0,,,,,,,,,,,,,,,,,,,,,,,,,,,,,,,,,,,,89.23,55.25,,,
179,Turkey,Livestock/Dairy,Calendar year,2028/29,310.0,,310.0,608.0,,,,,,,,6075.0,,,6413.0,,,,,,,,,,,,,,,,,5496.0,,,,,,,,,,,,,,,,,,,,,,,,,,,,,,,,,,,,90.08,55.78,,,
180,Upland Cotton,Crops,Market year,2017/18,2686.0,3198.0,4197.0,15211.0,0.68,,,10.85,1.0,0.4949,12.36,20223.0,254.0,22.8,22910.0,18409.0,435.0,,895.0,,,,,,,,,,,,,,,,,,,,,,,,,,,,,,,,,,,,,,,,,,,,,,,,,,,0.49,,
181,Upland Cotton,Crops,Market year,2018/19,4197.0,3370.0,4806.0,14850.0,0.73,,,10.87,5.0,0.52,13.8,18992.0,282.0,26.4,23194.0,18220.0,445.0,,887.0,,,,,,,,,,,,,,,,,,,,,,,,,,,,,,,,,,,,,,,,,,,,,,,,,,,0.5,,
182,Upland Cotton,Crops,Market year,2019/20,4806.0,3400.0,6161.0,16500.0,0.7,,,12.1,5.0,0.52,13.5,21400.0,254.0,31.0,26211.0,19900.0,448.0,,850.0,,,,,,,,,,,,,,,,,,,,,,,,,,,,,,,,,,,,,,,,,,,,,,,,,,,0.53,,
183,Upland Cotton,Crops,Market year,2020/21,6161.0,3400.0,6116.0,16000.0,0.7,,,10.9,5.0,0.52,12.5,19500.0,253.0,31.5,25666.0,19400.0,454.0,,855.0,,,,,,,,,,,,,,,,,,,,,,,,,,,,,,,,,,,,,,,,,,,,,,,,,,,0.53,,
184,Upland Cotton,Crops,Market year,2021/22,6116.0,3400.0,5871.0,16100.0,0.71,,,10.9,5.0,0.52,12.4,19400.0,262.0,30.1,25521.0,19500.0,460.0,,860.0,,,,,,,,,,,,,,,,,,,,,,,,,,,,,,,,,,,,,,,,,,,,,,,,,,,0.53,,
185,Upland Cotton,Crops,Market year,2022/23,5871.0,3400.0,5826.0,16200.0,0.72,,,10.9,5.0,0.52,12.5,19700.0,270.0,29.7,25576.0,19600.0,467.0,,865.0,,,,,,,,,,,,,,,,,,,,,,,,,,,,,,,,,,,,,,,,,,,,,,,,,,,0.54,,
186,Upland Cotton,Crops,Market year,2023/24,5826.0,3400.0,5931.0,16350.0,0.73,,,11.0,5.0,0.52,12.6,20000.0,278.0,30.0,25831.0,19750.0,473.0,,870.0,,,,,,,,,,,,,,,,,,,,,,,,,,,,,,,,,,,,,,,,,,,,,,,,,,,0.54,,
187,Upland Cotton,Crops,Market year,2024/25,5931.0,3400.0,6036.0,16550.0,0.74,,,11.1,5.0,0.52,12.7,20200.0,285.0,30.3,26136.0,19950.0,479.0,,875.0,,,,,,,,,,,,,,,,,,,,,,,,,,,,,,,,,,,,,,,,,,,,,,,,,,,0.55,,
188,Upland Cotton,Crops,Market year,2025/26,6036.0,3400.0,6141.0,16850.0,0.75,,,11.2,5.0,0.52,12.8,20500.0,293.0,30.3,26541.0,20250.0,485.0,,880.0,,,,,,,,,,,,,,,,,,,,,,,,,,,,,,,,,,,,,,,,,,,,,,,,,,,0.55,,
189,Upland Cotton,Crops,Market year,2026/27,6141.0,3400.0,6246.0,17150.0,0.76,,,11.3,5.0,0.52,12.9,20800.0,301.0,30.4,26946.0,20550.0,491.0,,885.0,,,,,,,,,,,,,,,,,,,,,,,,,,,,,,,,,,,,,,,,,,,,,,,,,,,0.55,,
190,Upland Cotton,Crops,Market year,2027/28,6246.0,3400.0,6351.0,17450.0,0.77,,,11.4,5.0,0.52,13.0,21100.0,308.0,30.5,27351.0,20850.0,497.0,,890.0,,,,,,,,,,,,,,,,,,,,,,,,,,,,,,,,,,,,,,,,,,,,,,,,,,,0.56,,
191,Upland Cotton,Crops,Market year,2028/29,6351.0,3400.0,6456.0,17750.0,0.78,,,11.5,5.0,0.52,13.1,21400.0,315.0,30.5,27756.0,21150.0,504.0,,895.0,,,,,,,,,,,,,,,,,,,,,,,,,,,,,,,,,,,,,,,,,,,,,,,,,,,0.56,,
192,Wheat,Crops,Market year,2017/18,1181.0,1078.0,1099.0,901.0,4.72,50.0,,37.5,157.0,2.94,46.0,1740.0,110.0,55.5,3078.0,1979.0,109.0,2.35,46.3,,,,,,,,,,,,,,,,,,,,,,,,,,,,,,,,,,,,,,,,,,,,,,,,,,,,964.0,63.0
193,Wheat,Crops,Market year,2018/19,1099.0,1142.0,956.0,1025.0,5.1,110.0,,39.6,140.0,2.94,47.8,1884.0,132.0,44.1,3123.0,2167.0,111.0,2.33,47.6,,,,,,,,,,,,,,,,,,,,,,,,,,,,,,,,,,,,,,,,,,,,,,,,,,,,970.0,62.0
194,Wheat,Crops,Market year,2019/20,956.0,1163.0,933.0,1050.0,5.2,120.0,,43.1,130.0,2.94,51.0,2060.0,136.0,42.2,3146.0,2213.0,112.0,2.34,47.8,,,,,,,,,,,,,,,,,,,,,,,,,,,,,,,,,,,,,,,,,,,,,,,,,,,,975.0,68.0
195,Wheat,Crops,Market year,2020/21,933.0,1166.0,946.0,1000.0,5.2,120.0,,42.3,140.0,2.94,50.0,2039.0,137.0,43.7,3112.0,2166.0,114.0,2.36,48.2,,,,,,,,,,,,,,,,,,,,,,,,,,,,,,,,,,,,,,,,,,,,,,,,,,,,979.0,67.0
196,Wheat,Crops,Market year,2021/22,946.0,1169.0,948.0,1000.0,5.3,120.0,,41.9,135.0,2.94,49.5,2036.0,142.0,43.7,3117.0,2169.0,115.0,2.37,48.6,,,,,,,,,,,,,,,,,,,,,,,,,,,,,,,,,,,,,,,,,,,,,,,,,,,,983.0,66.0
197,Wheat,Crops,Market year,2022/23,948.0,1173.0,939.0,1000.0,5.4,120.0,,41.5,130.0,2.94,49.0,2034.0,147.0,43.2,3112.0,2173.0,117.0,2.39,49.0,,,,,,,,,,,,,,,,,,,,,,,,,,,,,,,,,,,,,,,,,,,,,,,,,,,,987.0,66.0
198,Wheat,Crops,Market year,2023/24,939.0,1177.0,942.0,1000.0,5.4,120.0,,41.5,130.0,2.94,49.0,2050.0,148.0,43.3,3119.0,2177.0,119.0,2.41,49.4,,,,,,,,,,,,,,,,,,,,,,,,,,,,,,,,,,,,,,,,,,,,,,,,,,,,991.0,66.0
199,Wheat,Crops,Market year,2024/25,942.0,1180.0,959.0,1000.0,5.2,120.0,,41.5,130.0,2.94,49.0,2067.0,138.0,44.0,3139.0,2180.0,121.0,2.43,49.8,,,,,,,,,,,,,,,,,,,,,,,,,,,,,,,,,,,,,,,,,,,,,,,,,,,,995.0,65.0
200,Wheat,Crops,Market year,2025/26,959.0,1184.0,953.0,1000.0,5.1,120.0,,41.0,120.0,2.94,48.5,2058.0,134.0,43.6,3137.0,2184.0,122.0,2.43,50.2,,,,,,,,,,,,,,,,,,,,,,,,,,,,,,,,,,,,,,,,,,,,,,,,,,,,999.0,65.0
201,Wheat,Crops,Market year,2026/27,953.0,1188.0,960.0,1000.0,5.0,120.0,,41.0,120.0,2.94,48.5,2075.0,130.0,43.9,3148.0,2188.0,123.0,2.43,50.6,,,,,,,,,,,,,,,,,,,,,,,,,,,,,,,,,,,,,,,,,,,,,,,,,,,,1003.0,65.0
202,Wheat,Crops,Market year,2027/28,960.0,1192.0,959.0,1000.0,5.0,120.0,,40.6,120.0,2.94,48.0,2071.0,130.0,43.8,3151.0,2192.0,125.0,2.45,51.0,,,,,,,,,,,,,,,,,,,,,,,,,,,,,,,,,,,,,,,,,,,,,,,,,,,,1007.0,65.0
203,Wheat,Crops,Market year,2028/29,959.0,1196.0,945.0,1025.0,5.0,120.0,,40.6,120.0,2.94,48.0,2087.0,130.0,42.5,3166.0,2221.0,127.0,2.47,51.4,,,,,,,,,,,,,,,,,,,,,,,,,,,,,,,,,,,,,,,,,,,,,,,,,,,,1011.0,65.0
